{
    "providers": {
        "awscloudformation": {
            "AuthRoleName": "amplify-fizz-ampfizz-233200-authRole",
            "UnauthRoleArn": "arn:aws:iam::111989064546:role/amplify-fizz-ampfizz-233200-unauthRole",
            "AuthRoleArn": "arn:aws:iam::111989064546:role/amplify-fizz-ampfizz-233200-authRole",
            "Region": "us-west-2",
            "DeploymentBucketName": "amplify-fizz-ampfizz-233200-deployment",
            "UnauthRoleName": "amplify-fizz-ampfizz-233200-unauthRole",
            "StackName": "amplify-fizz-ampfizz-233200",
            "StackId": "arn:aws:cloudformation:us-west-2:111989064546:stack/amplify-fizz-ampfizz-233200/948eb7c0-b6ad-11ea-b9e6-0ac1c883d400",
            "AmplifyAppId": "d3nbdb5txrv7lr"
        }
    }
}