{
    "trigger": true,
    "modules": [
        "custom"
    ],
    "parentResource": "fizzauth",
    "functionName": "fizzauthCustomMessage",
    "resourceName": "fizzauthCustomMessage",
    "parentStack": "auth",
    "triggerEnvs": [],
    "triggerDir": "/usr/local/lib/node_modules/@aws-amplify/cli/node_modules/amplify-category-auth/provider-utils/awscloudformation/utils/../triggers/CustomMessage",
    "triggerTemplate": "CustomMessage.json.ejs",
    "roleName": "fizzauthCustomMessage",
    "skipEdit": true
}