{
	"providers": {
		"awscloudformation": {
			"AuthRoleName": "amplify-fizz-amp-145439-authRole",
			"UnauthRoleArn": "arn:aws:iam::111989064546:role/amplify-fizz-amp-145439-unauthRole",
			"AuthRoleArn": "arn:aws:iam::111989064546:role/amplify-fizz-amp-145439-authRole",
			"Region": "us-west-2",
			"DeploymentBucketName": "amplify-fizz-amp-145439-deployment",
			"UnauthRoleName": "amplify-fizz-amp-145439-unauthRole",
			"StackName": "amplify-fizz-amp-145439",
			"StackId": "arn:aws:cloudformation:us-west-2:111989064546:stack/amplify-fizz-amp-145439/4fcf4130-b1ae-11ea-9ea0-02e0f8292e0e",
			"AmplifyAppId": "d3nbdb5txrv7lr"
		}
	},
	"auth": {
		"fizzauth": {
			"service": "Cognito",
			"providerPlugin": "awscloudformation",
			"dependsOn": [
				{
					"category": "function",
					"resourceName": "fizzauthCustomMessage",
					"triggerProvider": "Cognito",
					"attributes": [
						"Arn",
						"Name"
					]
				}
			],
			"providerMetadata": {
				"s3TemplateURL": "https://s3.amazonaws.com/amplify-fizz-amp-145439-deployment/amplify-cfn-templates/auth/fizzauth-cloudformation-template.yml",
				"logicalId": "authfizzauth"
			},
			"lastPushTimeStamp": "2020-06-23T08:27:44.748Z",
			"output": {
				"CreatedSNSRole": "arn:aws:iam::111989064546:role/snsundefined145439-amp",
				"AppClientSecret": "tqf7n9h4st6bo8s6219p5502nm64vodj50ho8ctt57a4o01irar",
				"UserPoolId": "us-west-2_xTCcKuQZ4",
				"AppClientIDWeb": "504f7ihc14e4ucupivvnbub0vk",
				"AppClientID": "6lvbgt24a0coulp7hh62r0men1",
				"UserPoolName": "fizzuserpool"
			},
			"lastPushDirHash": "jaz8MfknvZ/qg3B17OdiSE2sFIg="
		}
	},
	"hosting": {
		"S3AndCloudFront": {
			"service": "S3AndCloudFront",
			"providerPlugin": "awscloudformation",
			"providerMetadata": {
				"s3TemplateURL": "https://s3.amazonaws.com/amplify-fizz-amp-145439-deployment/amplify-cfn-templates/hosting/template.json",
				"logicalId": "hostingS3AndCloudFront"
			},
			"lastPushTimeStamp": "2020-06-23T08:27:44.749Z",
			"output": {
				"CloudFrontSecureURL": "https://d2gw4qffse951y.cloudfront.net",
				"S3BucketSecureURL": "https://fizz-20200504180301-hostingbucket-amp.s3.amazonaws.com",
				"CloudFrontOriginAccessIdentity": "E11SVCF56BH3FQ",
				"WebsiteURL": "http://fizz-20200504180301-hostingbucket-amp.s3-website-us-west-2.amazonaws.com",
				"CloudFrontDistributionID": "E1LZUKTNLIF370",
				"Region": "us-west-2",
				"HostingBucketName": "fizz-20200504180301-hostingbucket-amp",
				"CloudFrontDomainName": "d2gw4qffse951y.cloudfront.net"
			},
			"lastPushDirHash": "LaE74N67eGXPpRWplW7lVWpwluo="
		}
	},
	"function": {
		"fizzauthCustomMessage": {
			"build": true,
			"providerPlugin": "awscloudformation",
			"service": "Lambda",
			"lastBuildTimeStamp": "2020-06-23T08:26:43.128Z",
			"lastPackageTimeStamp": "2020-06-23T08:26:43.169Z",
			"distZipFilename": "fizzauthCustomMessage-5241775146726f595042-build.zip",
			"providerMetadata": {
				"s3TemplateURL": "https://s3.amazonaws.com/amplify-fizz-amp-145439-deployment/amplify-cfn-templates/function/fizzauthCustomMessage-cloudformation-template.json",
				"logicalId": "functionfizzauthCustomMessage"
			},
			"lastPushTimeStamp": "2020-06-23T08:27:44.753Z",
			"output": {
				"Region": "us-west-2",
				"Arn": "arn:aws:lambda:us-west-2:111989064546:function:fizzauthCustomMessage-amp",
				"Name": "fizzauthCustomMessage-amp",
				"LambdaExecutionRole": "fizzauthCustomMessage-amp"
			},
			"lastPushDirHash": "j8sP/Eebob0QTgK1wAfbDkhmptE="
		}
	}
}