{
    "auth": {
        "fizzauth": {
            "service": "Cognito",
            "providerPlugin": "awscloudformation",
            "dependsOn": [
                {
                    "category": "function",
                    "resourceName": "fizzauthCustomMessage",
                    "triggerProvider": "Cognito",
                    "attributes": [
                        "Arn",
                        "Name"
                    ]
                }
            ]
        }
    },
    "hosting": {
        "S3AndCloudFront": {
            "service": "S3AndCloudFront",
            "providerPlugin": "awscloudformation"
        }
    },
    "function": {
        "fizzauthCustomMessage": {
            "build": true,
            "providerPlugin": "awscloudformation",
            "service": "Lambda"
        }
    }
}